objectid,filename,title,card-type,illustrator,type,format,language
onr001,netrunner_aardvark.jpg,Aardvark,Upgrade;,Fellwalker & Tolen,Image;StillImage,image/jpeg,en
onr002,netrunner_access_through_alpha.jpg,Access through Alpha,Resource;Base Link,Mark Collen,Image;StillImage,image/jpeg,en
onr003,netrunner_access_to_arasaka.jpg,Access to Arasaka,Resource;Base Link,Robert McLees,Image;StillImage,image/jpeg,en
onr004,netrunner_access_to_kiribati.jpg,Access to Kiribati,Resource;Base Link,Sue Ann Harkey,Image;StillImage,image/jpeg,en
onr005,netrunner_accounts_receivable.jpg,Accounts Receivable,Operation;Transactions,Zak Plucinski,Image;StillImage,image/jpeg,en
onr006,netrunner_acme_savings_and_loan.jpg,ACME Savings and Loan,Node;Transactions,Ramon Mascarenas,Image;StillImage,image/jpeg,en
onr007,netrunner_afreet.jpg,Afreet,Program;Daemon,Mike Kimble,Image;StillImage,image/jpeg,en
onr008,netrunner_ai_board_member.jpg,AI Board Member,Agenda;Research;AI;Random,Moebius,Image;StillImage,image/jpeg,en
onr009,netrunner_ai_boon.jpg,AI Boon,Program;Icebreaker;Random,Higgins & King,Image;StillImage,image/jpeg,en
onr010,netrunner_ai_chief_financial_officer.jpg,AI Chief Financial Officer,Agenda;Asset,Pete Venters,Image;StillImage,image/jpeg,en
onr011,netrunner_airport_locker.jpg,Airport Locker,Resource;Hidden,Zak Plucinski,Image;StillImage,image/jpeg,en
onr012,netrunner_all-hands.jpg,All-Hands,Prep,,Image;StillImage,image/jpeg,en
onr013,netrunner_all-nighter.jpg,All-Nighter,Prep,,Image;StillImage,image/jpeg,en
onr014,netrunner_annual_reviews.jpg,Annual Reviews,Operation,,Image;StillImage,image/jpeg,en
onr015,netrunner_anonymous_tip.jpg,Anonymous Tip,Prep;Sabotage,,Image;StillImage,image/jpeg,en
onr016,netrunner_antiquated_interface_routines.jpg,Antiquated Interface Routines,Upgrade,,Image;StillImage,image/jpeg,en
onr017,netrunner_arasaka_owns_you.jpg,Arasaka Owns You,Prep,,Image;StillImage,image/jpeg,en
onr018,netrunner_arasaka_portable_prototype.jpg,Arasaka Portable Prototype,Hardware;Deck,,Image;StillImage,image/jpeg,en
onr019,netrunner_armadillo_armored_road_home.jpg,"Armadillo" Armored Road Home,Hardware;Vehicle,,Image;StillImage,image/jpeg,en
onr020,netrunner_armageddon.jpg,Armageddon,Program;Virus;Random,,Image;StillImage,image/jpeg,en
onr021,netrunner_armored_fridge.jpg,Armored Fridge,Hardware,,Image;StillImage,image/jpeg,en
onr022,netrunner_artemis_2020.jpg,Artemis 2020,Hardware;Deck,,Image;StillImage,image/jpeg,en
onr023,netrunner_artificial_security_directors.jpg,Artificial Security Directors,Agenda;Research,,Image;StillImage,image/jpeg,en
onr024,netrunner_asp.jpg,Asp,Ice;Sentry;Flatline,,Image;StillImage,image/jpeg,en
onr025,netrunner_audit_of_call_records.jpg,Audit of Call Records,Operation,,Image;StillImage,image/jpeg,en
onr026,netrunner_aujourdoui.jpg,Aujourd'Oui,Resource;BBS,,Image;StillImage,image/jpeg,en
onr027,netrunner_back_door_to_hilliard.jpg,Back Door to Hilliard,Resource;Base Link,,Image;StillImage,image/jpeg,en
onr028,netrunner_back_door_to_netwatch.jpg,Back Door to Netwatch,Resource;Hidden;Base Link,,Image;StillImage,image/jpeg,en
onr029,netrunner_back_door_to_orbital_air.jpg,Back Door to Orbital Air,Resource;Base Link,,Image;StillImage,image/jpeg,en
onr030,netrunner_back_door_to_rivals.jpg,Back Door to Rivals,Resource;Base Link,,Image;StillImage,image/jpeg,en
onr031,netrunner_badtimes.jpg,Badtimes,Operation;Virus,,Image;StillImage,image/jpeg,en
onr032,netrunner_baedekers_net_map.jpg,Baedekers Net Map,Program;Base Link,,Image;StillImage,image/jpeg,en
onr033,netrunner_bakdoor.jpg,Bakdoor,Program;Base Link,,Image;StillImage,image/jpeg,en
onr034,netrunner_ball_and_chain.jpg,Ball and Chain,Ice;Code Gate,,Image;StillImage,image/jpeg,en
onr035,netrunner_banpei.jpg,Banpei,Ice;Sentry;Killer,,Image;StillImage,image/jpeg,en
onr036,netrunner_bargain_with_viacox.jpg,Bargain with Viacox,Resource;Random,,Image;StillImage,image/jpeg,en
onr037,netrunner_bartmoss_memorial_icebreaker.jpg,Bartmoss Memorial Icebreaker,Program;Icebreaker;Random,,Image;StillImage,image/jpeg,en
onr038,netrunner_baskerville.jpg,Baskerville,Ice;Sentry;AP;Hellhound;Sleepy,,Image;StillImage,image/jpeg,en
onr039,netrunner_bbs_whispering_campaign.jpg,BBS Whispering Campaign,Node;Advertisement,,Image;StillImage,image/jpeg,en
onr040,netrunner_bel-digmo_antibody.jpg,Bel-Digmo Antibody,Node;Ambush;Virus,,Image;StillImage,image/jpeg,en
onr041,netrunner_big_frackin_gun.jpg,Big Frackin' Gun,Program;Icebreaker;Killer,,Image;StillImage,image/jpeg,en
onr042,netrunner_bioweapons_engineering.jpg,Bioweapons Engineering,Agenda;Research,,Image;StillImage,image/jpeg,en
onr043,netrunner_bizarre_encryption_scheme.jpg,Bizarre Encryption Scheme,Upgrade,,Image;StillImage,image/jpeg,en
onr044,netrunner_black_dahlia.jpg,Black Dahlia,Program;Icebreaker;Killer,,Image;StillImage,image/jpeg,en
onr045,netrunner_black_ice_quality_assurance.jpg,Black Ice Quality Assurance,Agenda;Research;Black Ops,,Image;StillImage,image/jpeg,en
onr046,netrunner_black_widow.jpg,Black Widow,Program;Icebreaker;Killer,,Image;StillImage,image/jpeg,en
onr047,netrunner_blackmail.jpg,Blackmail,Prep,,Image;StillImage,image/jpeg,en
onr048,netrunner_blink.jpg,Blink,Program;Icebreaker;Random,,Image;StillImage,image/jpeg,en
onr049,netrunner_blood_cat.jpg,Blood Cat,Node;AI,,Image;StillImage,image/jpeg,en
onr050,netrunner_boardwalk.jpg,Boardwalk,Program;Virus,,Image;StillImage,image/jpeg,en
onr051,netrunner_bodyweight_data_creche.jpg,Bodyweight™ Data Creche,Hardware;Deck,,Image;StillImage,image/jpeg,en
onr052,netrunner_bodyweight_synthetic_blood.jpg,Bodyweight™ Synthetic Blood,Prep,,Image;StillImage,image/jpeg,en
onr053,netrunner_bolter_cluster.jpg,Bolter Cluster,Ice;Sentry;AP;Hellbolt,,Image;StillImage,image/jpeg,en
onr054,netrunner_bolter_swarm.jpg,Bolter Swarm,Ice;Sentry;AP;Hellbolt;Sleepy,,Image;StillImage,image/jpeg,en
onr055,netrunner_bolt-hole.jpg,Bolt-Hole,Resource;Hidden,,Image;StillImage,image/jpeg,en
onr056,netrunner_boostergang_connections.jpg,Boostergang Connections,Prep,,Image;StillImage,image/jpeg,en
onr057,netrunner_boring_bit.jpg,Boring Bit,Program;Icebreaker;Worm,,Image;StillImage,image/jpeg,en
onr058,netrunner_brain_drain.jpg,Brain Drain,Ice;Sentry;Black Ice;AP,,Image;StillImage,image/jpeg,en
onr059,netrunner_brain_wash.jpg,Brain Wash,Ice;Sentry;Black Ice;AP;Brainwipe,,Image;StillImage,image/jpeg,en
onr060,netrunner_braindance_campaign.jpg,Braindance Campaign,Node;Advertisement;Gray Ops,,Image;StillImage,image/jpeg,en
onr061,netrunner_broker.jpg,Broker,Resource;Connection,,Image;StillImage,image/jpeg,en
onr062,netrunner_bug_zapper.jpg,Bug Zapper,Ice;Sentry;AP;Hellbolt,,Image;StillImage,image/jpeg,en
onr063,netrunner_bulldozer.jpg,Bulldozer,Program;Icebreaker;Noisy,,Image;StillImage,image/jpeg,en
onr064,netrunner_butcher_boy.jpg,Butcher Boy,Program;Virus,,Image;StillImage,image/jpeg,en
onr065,netrunner_canis_major.jpg,Canis Major,Ice;Sentry;Watchdog,,Image;StillImage,image/jpeg,en
onr066,netrunner_canis_minor.jpg,Canis Minor,Ice;Sentry;Watchdog,,Image;StillImage,image/jpeg,en
onr067,netrunner_caryatid.jpg,Caryatid,Ice;Wall,,Image;StillImage,image/jpeg,en
onr068,netrunner_cascade.jpg,Cascade,Program;Virus,,Image;StillImage,image/jpeg,en
onr069,netrunner_cerberus.jpg,cerberus,,,Image;StillImage,image/jpeg,en
onr070,netrunner_chance_observation.jpg,chance observation,,,Image;StillImage,image/jpeg,en
onr071,netrunner_charity_takeover.jpg,charity takeover,,,Image;StillImage,image/jpeg,en
onr072,netrunner_chester_mix.jpg,chester mix,,,Image;StillImage,image/jpeg,en
onr073,netrunner_chiba_bank_account.jpg,chiba bank account,,,Image;StillImage,image/jpeg,en
onr074,netrunner_chicago_branch.jpg,chicago branch,,,Image;StillImage,image/jpeg,en
onr075,netrunner_chihuahua.jpg,chihuahua,,,Image;StillImage,image/jpeg,en
onr076,netrunner_chimera.jpg,chimera,,,Image;StillImage,image/jpeg,en
onr077,netrunner_cinderella.jpg,cinderella,,,Image;StillImage,image/jpeg,en
onr078,netrunner_city_surveillance.jpg,city surveillance,,,Image;StillImage,image/jpeg,en
onr079,netrunner_cloak.jpg,cloak,,,Image;StillImage,image/jpeg,en
onr080,netrunner_closed_accounts.jpg,closed accounts,,,Image;StillImage,image/jpeg,en
onr081,netrunner_clown.jpg,clown,,,Image;StillImage,image/jpeg,en
onr082,netrunner_cockroach.jpg,cockroach,,,Image;StillImage,image/jpeg,en
onr083,netrunner_code_corpse.jpg,code corpse,,,Image;StillImage,image/jpeg,en
onr084,netrunner_code_viral_cache.jpg,code viral cache,,,Image;StillImage,image/jpeg,en
onr085,netrunner_codecracker.jpg,codecracker,,,Image;StillImage,image/jpeg,en
onr086,netrunner_codeslinger.jpg,codeslinger,,,Image;StillImage,image/jpeg,en
onr087,netrunner_colonel_failure.jpg,colonel failure,,,Image;StillImage,image/jpeg,en
onr088,netrunner_core_command_jettison_ice.jpg,core command jettison ice,,,Image;StillImage,image/jpeg,en
onr089,netrunner_corolla_speed_chip.jpg,corolla speed chip,,,Image;StillImage,image/jpeg,en
onr090,netrunner_corporate_ally.jpg,corporate ally,,,Image;StillImage,image/jpeg,en
onr091,netrunner_corporate_boon.jpg,corporate boon,,,Image;StillImage,image/jpeg,en
onr092,netrunner_corporate_coup.jpg,corporate coup,,,Image;StillImage,image/jpeg,en
onr093,netrunner_corporate_detective_agency.jpg,corporate detective agency,,,Image;StillImage,image/jpeg,en
onr094,netrunner_corporate_downsizing.jpg,corporate downsizing,,,Image;StillImage,image/jpeg,en
onr095,netrunner_corporate_guard_temps.jpg,corporate guard temps,,,Image;StillImage,image/jpeg,en
onr096,netrunner_corporate_headhunters.jpg,corporate headhunters,,,Image;StillImage,image/jpeg,en
onr097,netrunner_corporate_negotiating_center.jpg,corporate negotiating center,,,Image;StillImage,image/jpeg,en
onr098,netrunner_corporate_retreat.jpg,corporate retreat,,,Image;StillImage,image/jpeg,en
onr099,netrunner_corporate_shuffle.jpg,corporate shuffle,,,Image;StillImage,image/jpeg,en
onr100,netrunner_corporate_war.jpg,corporate war,,,Image;StillImage,image/jpeg,en
onr101,netrunner_corprunners_shattered_remains.jpg,corprunners shattered remains,,,Image;StillImage,image/jpeg,en
onr102,netrunner_corrosion.jpg,corrosion,,,Image;StillImage,image/jpeg,en
onr103,netrunner_corruption.jpg,corruption,,,Image;StillImage,image/jpeg,en
onr104,netrunner_cortical_cybermodem.jpg,cortical cybermodem,,,Image;StillImage,image/jpeg,en
onr105,netrunner_cortical_scanner.jpg,cortical scanner,,,Image;StillImage,image/jpeg,en
onr106,netrunner_cortical_scrub.jpg,cortical scrub,,,Image;StillImage,image/jpeg,en
onr107,netrunner_cortical_stimulators.jpg,cortical stimulators,,,Image;StillImage,image/jpeg,en
onr108,netrunner_cowboy_sysop.jpg,cowboy sysop,,,Image;StillImage,image/jpeg,en
onr109,netrunner_coyote.jpg,coyote,,,Image;StillImage,image/jpeg,en
onr110,netrunner_crash_everett_inventive_fixer.jpg,crash everett inventive fixer,,,Image;StillImage,image/jpeg,en
onr111,netrunner_crash_space.jpg,crash space,,,Image;StillImage,image/jpeg,en
onr112,netrunner_credit_blocks.jpg,credit blocks,,,Image;StillImage,image/jpeg,en
onr113,netrunner_credit_consolidation.jpg,credit consolidation,,,Image;StillImage,image/jpeg,en
onr114,netrunner_credit_subversion.jpg,credit subversion,,,Image;StillImage,image/jpeg,en
onr115,netrunner_cruising_for_netwatch.jpg,cruising for netwatch,,,Image;StillImage,image/jpeg,en
onr116,netrunner_crumble.jpg,crumble,,,Image;StillImage,image/jpeg,en
onr117,netrunner_crybaby.jpg,crybaby,,,Image;StillImage,image/jpeg,en
onr118,netrunner_crystal_palace_station_grid.jpg,crystal palace station grid,,,Image;StillImage,image/jpeg,en
onr119,netrunner_crystal_wall.jpg,crystal wall,,,Image;StillImage,image/jpeg,en
onr120,netrunner_custodial_position.jpg,custodial position,,,Image;StillImage,image/jpeg,en
onr121,netrunner_cybertech_think_tank.jpg,cybertech think tank,,,Image;StillImage,image/jpeg,en
onr122,netrunner_cyfermaster.jpg,cyfermaster,,,Image;StillImage,image/jpeg,en
onr123,netrunner_d_arc_knight.jpg,d arc knight,,,Image;StillImage,image/jpeg,en
onr124,netrunner_danshis_second_id.jpg,danshis second id,,,Image;StillImage,image/jpeg,en
onr125,netrunner_data_darts.jpg,data darts,,,Image;StillImage,image/jpeg,en
onr126,netrunner_data_fort_reclamation.jpg,data fort reclamation,,,Image;StillImage,image/jpeg,en
onr127,netrunner_data_fort_remapping.jpg,data fort remapping,,,Image;StillImage,image/jpeg,en
onr128,netrunner_data_masons.jpg,data masons,,,Image;StillImage,image/jpeg,en
onr129,netrunner_data_naga.jpg,data naga,,,Image;StillImage,image/jpeg,en
onr130,netrunner_data_raven.jpg,data raven,,,Image;StillImage,image/jpeg,en
onr131,netrunner_data_sifters.jpg,data sifters,,,Image;StillImage,image/jpeg,en
onr132,netrunner_data_wall.jpg,data wall,,,Image;StillImage,image/jpeg,en
onr133,netrunner_data_wall_20.jpg,data wall 20,,,Image;StillImage,image/jpeg,en
onr134,netrunner_databroker.jpg,databroker,,,Image;StillImage,image/jpeg,en
onr135,netrunner_datacomb.jpg,datacomb,,,Image;StillImage,image/jpeg,en
onr136,netrunner_datapool_by_zetatech.jpg,datapool by zetatech,,,Image;StillImage,image/jpeg,en
onr137,netrunner_day_shift.jpg,day shift,,,Image;StillImage,image/jpeg,en
onr138,netrunner_deadeye.jpg,deadeye,,,Image;StillImage,image/jpeg,en
onr139,netrunner_deal_with_militech.jpg,deal with militech,,,Image;StillImage,image/jpeg,en
onr140,netrunner_death_from_above.jpg,death from above,,,Image;StillImage,image/jpeg,en
onr141,netrunner_death_yo-yo.jpg,death yo-yo,,,Image;StillImage,image/jpeg,en
onr142,netrunner_decoy_signal.jpg,decoy signal,,,Image;StillImage,image/jpeg,en
onr143,netrunner_dedicated_response_team.jpg,dedicated response team,,,Image;StillImage,image/jpeg,en
onr144,netrunner_deep_thought.jpg,deep thought,,,Image;StillImage,image/jpeg,en
onr145,netrunner_demolition_run.jpg,demolition run,,,Image;StillImage,image/jpeg,en
onr146,netrunner_department_of_misinformation.jpg,department of misinformation,,,Image;StillImage,image/jpeg,en
onr147,netrunner_department_of_truth_enhancement.jpg,department of truth enhancement,,,Image;StillImage,image/jpeg,en
onr148,netrunner_dermatech_bodyplating.jpg,dermatech bodyplating,,,Image;StillImage,image/jpeg,en
onr149,netrunner_desperate_competitor.jpg,desperate competitor,,,Image;StillImage,image/jpeg,en
onr150,netrunner_detroit_police_contract.jpg,detroit police contract,,,Image;StillImage,image/jpeg,en
onr151,netrunner_dieter_esslin.jpg,dieter esslin,,,Image;StillImage,image/jpeg,en
onr152,netrunner_digiconda.jpg,digiconda,,,Image;StillImage,image/jpeg,en
onr153,netrunner_diplomatic_immunity.jpg,diplomatic immunity,,,Image;StillImage,image/jpeg,en
onr154,netrunner_disgruntled_ice_technician.jpg,disgruntled ice technician,,,Image;StillImage,image/jpeg,en
onr155,netrunner_disinfectant_inc.jpg,disinfectant inc,,,Image;StillImage,image/jpeg,en
onr156,netrunner_disintegrator.jpg,disintegrator,,,Image;StillImage,image/jpeg,en
onr157,netrunner_do_the_drine (2).jpg,do the drine (2),,,Image;StillImage,image/jpeg,en
onr158,netrunner_do_the_drine.jpg,do the drine,,,Image;StillImage,image/jpeg,en
onr159,netrunner_dog_pile.jpg,dog pile,,,Image;StillImage,image/jpeg,en
onr160,netrunner_dogcatcher.jpg,dogcatcher,,,Image;StillImage,image/jpeg,en
onr161,netrunner_doppelganger_antibody.jpg,doppelganger antibody,,,Image;StillImage,image/jpeg,en
onr162,netrunner_dr_dreff.jpg,dr dreff,,,Image;StillImage,image/jpeg,en
onr163,netrunner_drifter_mobile_environment.jpg,drifter mobile environment,,,Image;StillImage,image/jpeg,en
onr164,netrunner_drone_for_a_day.jpg,drone for a day,,,Image;StillImage,image/jpeg,en
onr165,netrunner_dropp.jpg,dropp,,,Image;StillImage,image/jpeg,en
onr166,netrunner_dumpster.jpg,dumpster,,,Image;StillImage,image/jpeg,en
onr167,netrunner_dupre.jpg,dupre,,,Image;StillImage,image/jpeg,en
onr168,netrunner_dwarf.jpg,dwarf,,,Image;StillImage,image/jpeg,en
onr169,netrunner_early_worm.jpg,early worm,,,Image;StillImage,image/jpeg,en
onr170,netrunner_edgerunner_inc_temps.jpg,edgerunner inc temps,,,Image;StillImage,image/jpeg,en
onr171,netrunner_edited_shipping_manifests.jpg,edited shipping manifests,,,Image;StillImage,image/jpeg,en
onr172,netrunner_efficiency_experts.jpg,efficiency experts,,,Image;StillImage,image/jpeg,en
onr173,netrunner_elena_laskova.jpg,elena laskova,,,Image;StillImage,image/jpeg,en
onr174,netrunner_emergency_rig.jpg,emergency rig,,,Image;StillImage,image/jpeg,en
onr175,netrunner_emergency_self-construct.jpg,emergency self-construct,,,Image;StillImage,image/jpeg,en
onr176,netrunner_employee_empowerment.jpg,employee empowerment,,,Image;StillImage,image/jpeg,en
onr177,netrunner_encoder_inc.jpg,encoder inc,,,Image;StillImage,image/jpeg,en
onr178,netrunner_encryption_breakthrough.jpg,encryption breakthrough,,,Image;StillImage,image/jpeg,en
onr179,netrunner_endless_corridor.jpg,endless corridor,,,Image;StillImage,image/jpeg,en
onr180,netrunner_enterprise_inc_shields.jpg,enterprise inc shields,,,Image;StillImage,image/jpeg,en
onr181,netrunner_entrapment.jpg,entrapment,,,Image;StillImage,image/jpeg,en
onr182,netrunner_esa_contract.jpg,esa contract,,,Image;StillImage,image/jpeg,en
onr183,netrunner_eurocorpse_spin_chip.jpg,eurocorpse spin chip,,,Image;StillImage,image/jpeg,en
onr184,netrunner_euromarket_consortium.jpg,euromarket consortium,,,Image;StillImage,image/jpeg,en
onr185,netrunner_evil_twin.jpg,evil twin,,,Image;StillImage,image/jpeg,en
onr186,netrunner_executive_boot_camp.jpg,executive boot camp,,,Image;StillImage,image/jpeg,en
onr187,netrunner_executive_extraction.jpg,executive extraction,,,Image;StillImage,image/jpeg,en
onr188,netrunner_executive_file_clerk.jpg,executive file clerk,,,Image;StillImage,image/jpeg,en
onr189,netrunner_executive_wiretaps.jpg,executive wiretaps,,,Image;StillImage,image/jpeg,en
onr190,netrunner_expendable_family_member.jpg,expendable family member,,,Image;StillImage,image/jpeg,en
onr191,netrunner_experimental_ai.jpg,experimental ai,,,Image;StillImage,image/jpeg,en
onr192,netrunner_expert_schedule_analyzer.jpg,expert schedule analyzer,,,Image;StillImage,image/jpeg,en
onr193,netrunner_fait_accompli.jpg,fait accompli,,,Image;StillImage,image/jpeg,en
onr194,netrunner_faked_hit.jpg,faked hit,,,Image;StillImage,image/jpeg,en
onr195,netrunner_fall_guy.jpg,fall guy,,,Image;StillImage,image/jpeg,en
onr196,netrunner_false_echo.jpg,false echo,,,Image;StillImage,image/jpeg,en
onr197,netrunner_falsified-transactions_expert.jpg,falsified-transactions expert,,,Image;StillImage,image/jpeg,en
onr198,netrunner_fang.jpg,fang,,,Image;StillImage,image/jpeg,en
onr199,netrunner_fang_20.jpg,fang 20,,,Image;StillImage,image/jpeg,en
onr200,netrunner_fatal_attractor.jpg,fatal attractor,,,Image;StillImage,image/jpeg,en
onr201,netrunner_fetal_ai.jpg,fetal ai,,,Image;StillImage,image/jpeg,en
onr202,netrunner_fetch_401.jpg,fetch 401,,,Image;StillImage,image/jpeg,en
onr203,netrunner_field_reporter_for_ice_and_data.jpg,field reporter for ice and data,,,Image;StillImage,image/jpeg,en
onr204,netrunner_filter.jpg,filter,,,Image;StillImage,image/jpeg,en
onr205,netrunner_finders_keepers.jpg,finders keepers,,,Image;StillImage,image/jpeg,en
onr206,netrunner_fire_wall.jpg,fire wall,,,Image;StillImage,image/jpeg,en
onr207,netrunner_flak.jpg,flak,,,Image;StillImage,image/jpeg,en
onr208,netrunner_floating_runner_bbs.jpg,floating runner bbs,,,Image;StillImage,image/jpeg,en
onr209,netrunner_food_fight.jpg,food fight,,,Image;StillImage,image/jpeg,en
onr210,netrunner_force_shield.jpg,force shield,,,Image;StillImage,image/jpeg,en
onr211,netrunner_forged_activation_orders.jpg,forged activation orders,,,Image;StillImage,image/jpeg,en
onr212,netrunner_forgotten_backup_chip.jpg,forgotten backup chip,,,Image;StillImage,image/jpeg,en
onr213,netrunner_fortress_architects.jpg,fortress architects,,,Image;StillImage,image/jpeg,en
onr214,netrunner_fortress_respecification.jpg,fortress respecification,,,Image;StillImage,image/jpeg,en
onr215,netrunner_forwards_legacy.jpg,forwards legacy,,,Image;StillImage,image/jpeg,en
onr216,netrunner_fragmentation_storm.jpg,fragmentation storm,,,Image;StillImage,image/jpeg,en
onr217,netrunner_frame-up.jpg,frame-up,,,Image;StillImage,image/jpeg,en
onr218,netrunner_fubar.jpg,fubar,,,Image;StillImage,image/jpeg,en
onr219,netrunner_full_body_conversion.jpg,full body conversion,,,Image;StillImage,image/jpeg,en
onr220,netrunner_galatea.jpg,galatea,,,Image;StillImage,image/jpeg,en
onr221,netrunner_garbage_in.jpg,garbage in,,,Image;StillImage,image/jpeg,en
onr222,netrunner_gatekeeper.jpg,gatekeeper,,,Image;StillImage,image/jpeg,en
onr223,netrunner_genetics-visionary_acquisition.jpg,genetics-visionary acquisition,,,Image;StillImage,image/jpeg,en
onr224,netrunner_get_ready_to_rumble.jpg,get ready to rumble,,,Image;StillImage,image/jpeg,en
onr225,netrunner_gideons_pawnshop.jpg,gideons pawnshop,,,Image;StillImage,image/jpeg,en
onr226,netrunner_glacier.jpg,glacier,,,Image;StillImage,image/jpeg,en
onr227,netrunner_government_contract.jpg,government contract,,,Image;StillImage,image/jpeg,en
onr228,netrunner_green_knight_surge_buffers.jpg,green knight surge buffers,,,Image;StillImage,image/jpeg,en
onr229,netrunner_gremlins.jpg,gremlins,,,Image;StillImage,image/jpeg,en
onr230,netrunner_grubb.jpg,grubb,,,Image;StillImage,image/jpeg,en
onr231,netrunner_gypsy_schedule_analyzer.jpg,gypsy schedule analyzer,,,Image;StillImage,image/jpeg,en
onr232,netrunner_hacker_tracker_central.jpg,hacker tracker central,,,Image;StillImage,image/jpeg,en
onr233,netrunner_hammer.jpg,hammer,,,Image;StillImage,image/jpeg,en
onr234,netrunner_haunting_inquisition.jpg,haunting inquisition,,,Image;StillImage,image/jpeg,en
onr235,netrunner_hells_run.jpg,hells run,,,Image;StillImage,image/jpeg,en
onr236,netrunner_herman_revista.jpg,herman revista,,,Image;StillImage,image/jpeg,en
onr237,netrunner_highlighter.jpg,highlighter,,,Image;StillImage,image/jpeg,en
onr238,netrunner_hijack.jpg,hijack,,,Image;StillImage,image/jpeg,en
onr239,netrunner_holovid_campaign.jpg,holovid campaign,,,Image;StillImage,image/jpeg,en
onr240,netrunner_homewrecker.jpg,homewrecker,,,Image;StillImage,image/jpeg,en
onr241,netrunner_homing_missile.jpg,homing missile,,,Image;StillImage,image/jpeg,en
onr242,netrunner_hostile_takeover.jpg,hostile takeover,,,Image;StillImage,image/jpeg,en
onr243,netrunner_hot_tip_for_wns.jpg,hot tip for wns,,,Image;StillImage,image/jpeg,en
onr244,netrunner_hq_interface.jpg,hq interface,,,Image;StillImage,image/jpeg,en
onr245,netrunner_hq_mole.jpg,hq mole,,,Image;StillImage,image/jpeg,en
onr246,netrunner_hunt_club_bbs.jpg,hunt club bbs,,,Image;StillImage,image/jpeg,en
onr247,netrunner_hunter.jpg,hunter,,,Image;StillImage,image/jpeg,en
onr248,netrunner_hunting_pack.jpg,hunting pack,,,Image;StillImage,image/jpeg,en
onr249,netrunner_i_got_a_rock.jpg,i got a rock,,,Image;StillImage,image/jpeg,en
onr250,netrunner_i_spy.jpg,i spy,,,Image;StillImage,image/jpeg,en
onr251,netrunner_ice_and_data_special_report.jpg,ice and data special report,,,Image;StillImage,image/jpeg,en
onr252,netrunner_ice_and_datas_guide_to_the_net.jpg,ice and datas guide to the net,,,Image;StillImage,image/jpeg,en
onr253,netrunner_ice_pick_willie.jpg,ice pick willie,,,Image;StillImage,image/jpeg,en
onr254,netrunner_ice_transmutation.jpg,ice transmutation,,,Image;StillImage,image/jpeg,en
onr255,netrunner_iceberg.jpg,iceberg,,,Image;StillImage,image/jpeg,en
onr256,netrunner_identity_donor.jpg,identity donor,,,Image;StillImage,image/jpeg,en
onr257,netrunner_if_you_want_it_done_right.jpg,if you want it done right,,,Image;StillImage,image/jpeg,en
onr258,netrunner_imp.jpg,imp,,,Image;StillImage,image/jpeg,en
onr259,netrunner_imperial_guard.jpg,imperial guard,,,Image;StillImage,image/jpeg,en
onr260,netrunner_incubator.jpg,incubator,,,Image;StillImage,image/jpeg,en
onr261,netrunner_indiscriminate_response_team.jpg,indiscriminate response team,,,Image;StillImage,image/jpeg,en
onr262,netrunner_information_laundering.jpg,information laundering,,,Image;StillImage,image/jpeg,en
onr263,netrunner_inside_job.jpg,inside job,,,Image;StillImage,image/jpeg,en
onr264,netrunner_investment_firm.jpg,investment firm,,,Image;StillImage,image/jpeg,en
onr265,netrunner_invisibility.jpg,invisibility,,,Image;StillImage,image/jpeg,en
onr266,netrunner_jack_attack.jpg,jack attack,,,Image;StillImage,image/jpeg,en
onr267,netrunner_jack_n_joe.jpg,jack n joe,,,Image;StillImage,image/jpeg,en
onr268,netrunner_jackhammer.jpg,jackhammer,,,Image;StillImage,image/jpeg,en
onr269,netrunner_japanese_water_torture.jpg,japanese water torture,,,Image;StillImage,image/jpeg,en
onr270,netrunner_jenny_jett.jpg,jenny jett,,,Image;StillImage,image/jpeg,en
onr271,netrunner_jerusalem_city_grid.jpg,jerusalem city grid,,,Image;StillImage,image/jpeg,en
onr272,netrunner_joan_of_arc.jpg,joan of arc,,,Image;StillImage,image/jpeg,en
onr273,netrunner_junkyard_bbs.jpg,junkyard bbs,,,Image;StillImage,image/jpeg,en
onr274,netrunner_karl_de_veres_corporate_stooge.jpg,karl de veres corporate stooge,,,Image;StillImage,image/jpeg,en
onr275,netrunner_keeper.jpg,keeper,,,Image;StillImage,image/jpeg,en
onr276,netrunner_kilroy_was_here.jpg,kilroy was here,,,Image;StillImage,image/jpeg,en
onr277,netrunner_krash.jpg,krash,,,Image;StillImage,image/jpeg,en
onr278,netrunner_krumz.jpg,krumz,,,Image;StillImage,image/jpeg,en
onr279,netrunner_laser_wire.jpg,laser wire,,,Image;StillImage,image/jpeg,en
onr280,netrunner_ldl_traffic_analyzers.jpg,ldl traffic analyzers,,,Image;StillImage,image/jpeg,en
onr281,netrunner_leland_corporate_bodyguard.jpg,leland corporate bodyguard,,,Image;StillImage,image/jpeg,en
onr282,netrunner_lesley_major.jpg,lesley major,,,Image;StillImage,image/jpeg,en
onr283,netrunner_lesser_arcana.jpg,lesser arcana,,,Image;StillImage,image/jpeg,en
onr284,netrunner_liberated_savings_account.jpg,liberated savings account,,,Image;StillImage,image/jpeg,en
onr285,netrunner_library_search.jpg,library search,,,Image;StillImage,image/jpeg,en
onr286,netrunner_liche.jpg,liche,,,Image;StillImage,image/jpeg,en
onr287,netrunner_lifesaver_nanosurgeons.jpg,lifesaver nanosurgeons,,,Image;StillImage,image/jpeg,en
onr288,netrunner_lisa_blight.jpg,lisa blight,,,Image;StillImage,image/jpeg,en
onr289,netrunner_little_black_box.jpg,little black box,,,Image;StillImage,image/jpeg,en
onr290,netrunner_live_news_feed.jpg,live news feed,,,Image;StillImage,image/jpeg,en
onr291,netrunner_livewires_contacts.jpg,livewires contacts,,,Image;StillImage,image/jpeg,en
onr292,netrunner_loan_from_chiba.jpg,loan from chiba,,,Image;StillImage,image/jpeg,en
onr293,netrunner_lockjaw.jpg,lockjaw,,,Image;StillImage,image/jpeg,en
onr294,netrunner_london_city_grid.jpg,london city grid,,,Image;StillImage,image/jpeg,en
onr295,netrunner_loony_goon.jpg,loony goon,,,Image;StillImage,image/jpeg,en
onr296,netrunner_lucidrine_booster_drug.jpg,lucidrine booster drug,,,Image;StillImage,image/jpeg,en
onr297,netrunner_lucidrine_drip_feed.jpg,lucidrine drip feed,,,Image;StillImage,image/jpeg,en
onr298,netrunner_main-office_relocation.jpg,main-office relocation,,,Image;StillImage,image/jpeg,en
onr299,netrunner_management_shake-up.jpg,management shake-up,,,Image;StillImage,image/jpeg,en
onr300,netrunner_manhunt.jpg,manhunt,,,Image;StillImage,image/jpeg,en
onr301,netrunner_mantis_fixer-at-large.jpg,mantis fixer-at-large,,,Image;StillImage,image/jpeg,en
onr302,netrunner_marcel_desoleil.jpg,marcel desoleil,,,Image;StillImage,image/jpeg,en
onr303,netrunner_marine_arcology.jpg,marine arcology,,,Image;StillImage,image/jpeg,en
onr304,netrunner_marionette.jpg,marionette,,,Image;StillImage,image/jpeg,en
onr305,netrunner_marked_accounts.jpg,marked accounts,,,Image;StillImage,image/jpeg,en
onr306,netrunner_mastermind.jpg,mastermind,,,Image;StillImage,image/jpeg,en
onr307,netrunner_mastiff.jpg,mastiff,,,Image;StillImage,image/jpeg,en
onr308,netrunner_matador.jpg,matador,,,Image;StillImage,image/jpeg,en
onr309,netrunner_mazer.jpg,mazer,,,Image;StillImage,image/jpeg,en
onr310,netrunner_meat_upgrade.jpg,meat upgrade,,,Image;StillImage,image/jpeg,en
onr311,netrunner_mercenary_subcontract.jpg,mercenary subcontract,,,Image;StillImage,image/jpeg,en
onr312,netrunner_microtech_ai_interface.jpg,microtech ai interface,,,Image;StillImage,image/jpeg,en
onr313,netrunner_microtech_backup_drive.jpg,microtech backup drive,,,Image;StillImage,image/jpeg,en
onr314,netrunner_microtech_trode_set.jpg,microtech trode set,,,Image;StillImage,image/jpeg,en
onr315,netrunner_militech_mram_chip.jpg,militech mram chip,,,Image;StillImage,image/jpeg,en
onr316,netrunner_minotaur.jpg,minotaur,,,Image;StillImage,image/jpeg,en
onr317,netrunner_miscfor-sale.jpg,miscfor-sale,,,Image;StillImage,image/jpeg,en
onr318,netrunner_misleading_access_menus.jpg,misleading access menus,,,Image;StillImage,image/jpeg,en
onr319,netrunner_mit_west_tier.jpg,mit west tier,,,Image;StillImage,image/jpeg,en
onr320,netrunner_mobile_barricade.jpg,mobile barricade,,,Image;StillImage,image/jpeg,en
onr321,netrunner_morphing_tool.jpg,morphing tool,,,Image;StillImage,image/jpeg,en
onr322,netrunner_mouse.jpg,mouse,,,Image;StillImage,image/jpeg,en
onr323,netrunner_mram_chip.jpg,mram chip,,,Image;StillImage,image/jpeg,en
onr324,netrunner_ms-todon.jpg,ms-todon,,,Image;StillImage,image/jpeg,en
onr325,netrunner_mystery_box.jpg,mystery box,,,Image;StillImage,image/jpeg,en
onr326,netrunner_namatoki_plaza.jpg,namatoki plaza,,,Image;StillImage,image/jpeg,en
onr327,netrunner_nasuko_cycle.jpg,nasuko cycle,,,Image;StillImage,image/jpeg,en
onr328,netrunner_nerve_labyrinth.jpg,nerve labyrinth,,,Image;StillImage,image/jpeg,en
onr329,netrunner_neto.jpg,neto,,,Image;StillImage,image/jpeg,en
onr330,netrunner_netspace_inverter.jpg,netspace inverter,,,Image;StillImage,image/jpeg,en
onr331,netrunner_netwatch_credit_voucher.jpg,netwatch credit voucher,,,Image;StillImage,image/jpeg,en
onr332,netrunner_netwatch_operations_office.jpg,netwatch operations office,,,Image;StillImage,image/jpeg,en
onr333,netrunner_networked_center.jpg,networked center,,,Image;StillImage,image/jpeg,en
onr334,netrunner_networking.jpg,networking,,,Image;StillImage,image/jpeg,en
onr335,netrunner_neural_blade.jpg,neural blade,,,Image;StillImage,image/jpeg,en
onr336,netrunner_nevinyrral.jpg,nevinyrral,,,Image;StillImage,image/jpeg,en
onr337,netrunner_new_blood.jpg,new blood,,,Image;StillImage,image/jpeg,en
onr338,netrunner_new_galveston_city_grid.jpg,new galveston city grid,,,Image;StillImage,image/jpeg,en
onr339,netrunner_newsgroup_filter.jpg,newsgroup filter,,,Image;StillImage,image/jpeg,en
onr340,netrunner_newsgroup_taunting.jpg,newsgroup taunting,,,Image;StillImage,image/jpeg,en
onr341,netrunner_night_shift.jpg,night shift,,,Image;StillImage,image/jpeg,en
onr342,netrunner_nomad_allies.jpg,nomad allies,,,Image;StillImage,image/jpeg,en
onr343,netrunner_obfuscated_fortress.jpg,obfuscated fortress,,,Image;StillImage,image/jpeg,en
onr344,netrunner_off-site_backups.jpg,off-site backups,,,Image;StillImage,image/jpeg,en
onr345,netrunner_olivia_salazar.jpg,olivia salazar,,,Image;StillImage,image/jpeg,en
onr346,netrunner_omni_kismet_phd.jpg,omni kismet phd,,,Image;StillImage,image/jpeg,en
onr347,netrunner_omniscience_foundation.jpg,omniscience foundation,,,Image;StillImage,image/jpeg,en
onr348,netrunner_omnitech_spinal_tap_cybermodem.jpg,omnitech spinal tap cybermodem,,,Image;StillImage,image/jpeg,en
onr349,netrunner_omnitech_wet_drive.jpg,omnitech wet drive,,,Image;StillImage,image/jpeg,en
onr350,netrunner_on_the_fast_track.jpg,on the fast track,,,Image;StillImage,image/jpeg,en
onr351,netrunner_on-call_solo_team.jpg,on-call solo team,,,Image;StillImage,image/jpeg,en
onr352,netrunner_open-ended_mileage_program.jpg,open-ended mileage program,,,Image;StillImage,image/jpeg,en
onr353,netrunner_organ_donor.jpg,organ donor,,,Image;StillImage,image/jpeg,en
onr354,netrunner_overtime_incentives.jpg,overtime incentives,,,Image;StillImage,image/jpeg,en
onr355,netrunner_pacifica_regional_ai.jpg,pacifica regional ai,,,Image;StillImage,image/jpeg,en
onr356,netrunner_pandoras_deck.jpg,pandoras deck,,,Image;StillImage,image/jpeg,en
onr357,netrunner_panic_button.jpg,panic button,,,Image;StillImage,image/jpeg,en
onr358,netrunner_panzer_run.jpg,panzer run,,,Image;StillImage,image/jpeg,en
onr359,netrunner_paris_city_grid.jpg,paris city grid,,,Image;StillImage,image/jpeg,en
onr360,netrunner_parraline_5750.jpg,parraline 5750,,,Image;StillImage,image/jpeg,en
onr361,netrunner_pattel_antibody.jpg,pattel antibody,,,Image;StillImage,image/jpeg,en
onr362,netrunner_pattels_virus.jpg,pattels virus,,,Image;StillImage,image/jpeg,en
onr363,netrunner_pavit_bharat.jpg,pavit bharat,,,Image;StillImage,image/jpeg,en
onr364,netrunner_pi_in_the_face.jpg,pi in the face,,,Image;StillImage,image/jpeg,en
onr365,netrunner_pile_driver.jpg,pile driver,,,Image;StillImage,image/jpeg,en
onr366,netrunner_pirate_broadcast.jpg,pirate broadcast,,,Image;StillImage,image/jpeg,en
onr367,netrunner_pk-6089a.jpg,pk-6089a,,,Image;StillImage,image/jpeg,en
onr368,netrunner_planning_consultants.jpg,planning consultants,,,Image;StillImage,image/jpeg,en
onr369,netrunner_playful_ai.jpg,playful ai,,,Image;StillImage,image/jpeg,en
onr370,netrunner_please_dont_choke_anyone.jpg,please dont choke anyone,,,Image;StillImage,image/jpeg,en
onr371,netrunner_pocket_virtual_reality.jpg,pocket virtual reality,,,Image;StillImage,image/jpeg,en
onr372,netrunner_poisoned_water_supply.jpg,poisoned water supply,,,Image;StillImage,image/jpeg,en
onr373,netrunner_political_coup.jpg,political coup,,,Image;StillImage,image/jpeg,en
onr374,netrunner_political_overthrow.jpg,political overthrow,,,Image;StillImage,image/jpeg,en
onr375,netrunner_poltergeist.jpg,poltergeist,,,Image;StillImage,image/jpeg,en
onr376,netrunner_polymer_breakthrough.jpg,polymer breakthrough,,,Image;StillImage,image/jpeg,en
onr377,netrunner_power_grid_overload.jpg,power grid overload,,,Image;StillImage,image/jpeg,en
onr378,netrunner_pox.jpg,pox,,,Image;StillImage,image/jpeg,en
onr379,netrunner_prearranged_drop.jpg,prearranged drop,,,Image;StillImage,image/jpeg,en
onr380,netrunner_precision_bribery.jpg,precision bribery,,,Image;StillImage,image/jpeg,en
onr381,netrunner_preying_mantis.jpg,preying mantis,,,Image;StillImage,image/jpeg,en
onr382,netrunner_priority_requisition.jpg,priority requisition,,,Image;StillImage,image/jpeg,en
onr383,netrunner_priority_wreck.jpg,priority wreck,,,Image;StillImage,image/jpeg,en
onr384,netrunner_private_cybernet_police.jpg,private cybernet police,,,Image;StillImage,image/jpeg,en
onr385,netrunner_private_ldl_access.jpg,private ldl access,,,Image;StillImage,image/jpeg,en
onr386,netrunner_project_babylon.jpg,project babylon,,,Image;StillImage,image/jpeg,en
onr387,netrunner_project_consultants.jpg,project consultants,,,Image;StillImage,image/jpeg,en
onr388,netrunner_project_venice.jpg,project venice,,,Image;StillImage,image/jpeg,en
onr389,netrunner_project_zurich.jpg,project zurich,,,Image;StillImage,image/jpeg,en
onr390,netrunner_promises_promises.jpg,promises promises,,,Image;StillImage,image/jpeg,en
onr391,netrunner_promo_bizarre_encryption_scheme.jpg,promo bizarre encryption scheme,,,Image;StillImage,image/jpeg,en
onr392,netrunner_promo_forged_activation_orders.jpg,promo forged activation orders,,,Image;StillImage,image/jpeg,en
onr393,netrunner_promo_miscfor-sale.jpg,promo miscfor-sale,,,Image;StillImage,image/jpeg,en
onr394,netrunner_promo_new_galveston_city_grid.jpg,promo new galveston city grid,,,Image;StillImage,image/jpeg,en
onr395,netrunner_promo_pacifica_regional_ai.jpg,promo pacifica regional ai,,,Image;StillImage,image/jpeg,en
onr396,netrunner_promo_the_shell_traders.jpg,promo the shell traders,,,Image;StillImage,image/jpeg,en
onr397,netrunner_psychic_friend.jpg,psychic friend,,,Image;StillImage,image/jpeg,en
onr398,netrunner_punitive_counterstrike.jpg,punitive counterstrike,,,Image;StillImage,image/jpeg,en
onr399,netrunner_puzzle.jpg,puzzle,,,Image;StillImage,image/jpeg,en
onr400,netrunner_quandary.jpg,quandary,,,Image;StillImage,image/jpeg,en
onr401,netrunner_quest_for_cattekin.jpg,quest for cattekin,,,Image;StillImage,image/jpeg,en
onr402,netrunner_r&d_interface.jpg,r&d interface,,,Image;StillImage,image/jpeg,en
onr403,netrunner_r&d_mole.jpg,r&d mole,,,Image;StillImage,image/jpeg,en
onr404,netrunner_r&d-protocol_files.jpg,r&d-protocol files,,,Image;StillImage,image/jpeg,en
onr405,netrunner_rabbit.jpg,rabbit,,,Image;StillImage,image/jpeg,en
onr406,netrunner_raffles.jpg,raffles,,,Image;StillImage,image/jpeg,en
onr407,netrunner_ramming_piston.jpg,ramming piston,,,Image;StillImage,image/jpeg,en
onr408,netrunner_raptor.jpg,raptor,,,Image;StillImage,image/jpeg,en
onr409,netrunner_rasmin_bridger.jpg,rasmin bridger,,,Image;StillImage,image/jpeg,en
onr410,netrunner_raven_microcyb_eagle.jpg,raven microcyb eagle,,,Image;StillImage,image/jpeg,en
onr411,netrunner_raven_microcyb_owl.jpg,raven microcyb owl,,,Image;StillImage,image/jpeg,en
onr412,netrunner_raymond_ellison.jpg,raymond ellison,,,Image;StillImage,image/jpeg,en
onr413,netrunner_razor_wire.jpg,razor wire,,,Image;StillImage,image/jpeg,en
onr414,netrunner_reclamation_project.jpg,reclamation project,,,Image;StillImage,image/jpeg,en
onr415,netrunner_reconnaissance.jpg,reconnaissance,,,Image;StillImage,image/jpeg,en
onr416,netrunner_record_reconstructor.jpg,record reconstructor,,,Image;StillImage,image/jpeg,en
onr417,netrunner_red_herrings.jpg,red herrings,,,Image;StillImage,image/jpeg,en
onr418,netrunner_redecorator.jpg,redecorator,,,Image;StillImage,image/jpeg,en
onr419,netrunner_reflector.jpg,reflector,,,Image;StillImage,image/jpeg,en
onr420,netrunner_reinforced_wall.jpg,reinforced wall,,,Image;StillImage,image/jpeg,en
onr421,netrunner_remote_detonator.jpg,remote detonator,,,Image;StillImage,image/jpeg,en
onr422,netrunner_remote_facility.jpg,remote facility,,,Image;StillImage,image/jpeg,en
onr423,netrunner_rent-i-con.jpg,rent-i-con,,,Image;StillImage,image/jpeg,en
onr424,netrunner_rent-to-own_contract.jpg,rent-to-own contract,,,Image;StillImage,image/jpeg,en
onr425,netrunner_replicator.jpg,replicator,,,Image;StillImage,image/jpeg,en
onr426,netrunner_rescheduler.jpg,rescheduler,,,Image;StillImage,image/jpeg,en
onr427,netrunner_research_bunker.jpg,research bunker,,,Image;StillImage,image/jpeg,en
onr428,netrunner_restrictive_net_zoning.jpg,restrictive net zoning,,,Image;StillImage,image/jpeg,en
onr429,netrunner_rex.jpg,rex,,,Image;StillImage,image/jpeg,en
onr430,netrunner_riddler.jpg,riddler,,,Image;StillImage,image/jpeg,en
onr431,netrunner_rigged_investments.jpg,rigged investments,,,Image;StillImage,image/jpeg,en
onr432,netrunner_rio_de_janeiro_city_grid.jpg,rio de janeiro city grid,,,Image;StillImage,image/jpeg,en
onr433,netrunner_roadblock.jpg,roadblock,,,Image;StillImage,image/jpeg,en
onr434,netrunner_rock_is_strong.jpg,rock is strong,,,Image;StillImage,image/jpeg,en
onr435,netrunner_rockerboy_promotion.jpg,rockerboy promotion,,,Image;StillImage,image/jpeg,en
onr436,netrunner_romp_through_hq.jpg,romp through hq,,,Image;StillImage,image/jpeg,en
onr437,netrunner_ronin_around.jpg,ronin around,,,Image;StillImage,image/jpeg,en
onr438,netrunner_roving_submarine.jpg,roving submarine,,,Image;StillImage,image/jpeg,en
onr439,netrunner_runner_sensei.jpg,runner sensei,,,Image;StillImage,image/jpeg,en
onr440,netrunner_running_interference.jpg,running interference,,,Image;StillImage,image/jpeg,en
onr441,netrunner_rush_hour.jpg,rush hour,,,Image;StillImage,image/jpeg,en
onr442,netrunner_rustbelt_hq_branch.jpg,rustbelt hq branch,,,Image;StillImage,image/jpeg,en
onr443,netrunner_sandbox_dig.jpg,sandbox dig,,,Image;StillImage,image/jpeg,en
onr444,netrunner_sandstorm.jpg,sandstorm,,,Image;StillImage,image/jpeg,en
onr445,netrunner_satellite_monitors.jpg,satellite monitors,,,Image;StillImage,image/jpeg,en
onr446,netrunner_scaffolding.jpg,scaffolding,,,Image;StillImage,image/jpeg,en
onr447,netrunner_scaldan.jpg,scaldan,,,Image;StillImage,image/jpeg,en
onr448,netrunner_scatter_shot.jpg,scatter shot,,,Image;StillImage,image/jpeg,en
onr449,netrunner_schematics_search_engine.jpg,schematics search engine,,,Image;StillImage,image/jpeg,en
onr450,netrunner_schlaghund.jpg,schlaghund,,,Image;StillImage,image/jpeg,en
onr451,netrunner_schlaghund_pointers.jpg,schlaghund pointers,,,Image;StillImage,image/jpeg,en
onr452,netrunner_scorched_earth.jpg,scorched earth,,,Image;StillImage,image/jpeg,en
onr453,netrunner_score!.jpg,score!,,,Image;StillImage,image/jpeg,en
onr454,netrunner_scramble.jpg,scramble,,,Image;StillImage,image/jpeg,en
onr455,netrunner_security_code_worm_chip.jpg,security code worm chip,,,Image;StillImage,image/jpeg,en
onr456,netrunner_security_net_optimization.jpg,security net optimization,,,Image;StillImage,image/jpeg,en
onr457,netrunner_security_purge.jpg,security purge,,,Image;StillImage,image/jpeg,en
onr458,netrunner_seeya.jpg,seeya,,,Image;StillImage,image/jpeg,en
onr459,netrunner_self-destruct.jpg,self-destruct,,,Image;StillImage,image/jpeg,en
onr460,netrunner_self-modifying_code.jpg,self-modifying code,,,Image;StillImage,image/jpeg,en
onr461,netrunner_senatorial_field_trip.jpg,senatorial field trip,,,Image;StillImage,image/jpeg,en
onr462,netrunner_sentinels_prime.jpg,sentinels prime,,,Image;StillImage,image/jpeg,en
onr463,netrunner_setup!.jpg,setup!,,,Image;StillImage,image/jpeg,en
onr464,netrunner_shaka.jpg,shaka,,,Image;StillImage,image/jpeg,en
onr465,netrunner_shield.jpg,shield,,,Image;StillImage,image/jpeg,en
onr466,netrunner_shock_treatment.jpg,shock treatment,,,Image;StillImage,image/jpeg,en
onr467,netrunner_shockr.jpg,shockr,,,Image;StillImage,image/jpeg,en
onr468,netrunner_short-term_contract.jpg,short-term contract,,,Image;StillImage,image/jpeg,en
onr469,netrunner_shotgun_wire.jpg,shotgun wire,,,Image;StillImage,image/jpeg,en
onr470,netrunner_shredder_uplink_protocol.jpg,shredder uplink protocol,,,Image;StillImage,image/jpeg,en
onr471,netrunner_signpost.jpg,signpost,,,Image;StillImage,image/jpeg,en
onr472,netrunner_silicon_saloon_franchise.jpg,silicon saloon franchise,,,Image;StillImage,image/jpeg,en
onr473,netrunner_silver_lining_recovery_protocol.jpg,silver lining recovery protocol,,,Image;StillImage,image/jpeg,en
onr474,netrunner_simon_francisco.jpg,simon francisco,,,Image;StillImage,image/jpeg,en
onr475,netrunner_simulacrum.jpg,simulacrum,,,Image;StillImage,image/jpeg,en
onr476,netrunner_singapore_city_grid.jpg,singapore city grid,,,Image;StillImage,image/jpeg,en
onr477,netrunner_siren.jpg,siren,,,Image;StillImage,image/jpeg,en
onr478,netrunner_skalderviken_sa_beta_test_site.jpg,skalderviken sa beta test site,,,Image;StillImage,image/jpeg,en
onr479,netrunner_skeleton_passkeys.jpg,skeleton passkeys,,,Image;StillImage,image/jpeg,en
onr480,netrunner_skivviss.jpg,skivviss,,,Image;StillImage,image/jpeg,en
onr481,netrunner_skullcap.jpg,skullcap,,,Image;StillImage,image/jpeg,en
onr482,netrunner_sleeper.jpg,sleeper,,,Image;StillImage,image/jpeg,en
onr483,netrunner_smarteye.jpg,smarteye,,,Image;StillImage,image/jpeg,en
onr484,netrunner_smiths_pawnshop.jpg,smiths pawnshop,,,Image;StillImage,image/jpeg,en
onr485,netrunner_sneak_preview.jpg,sneak preview,,,Image;StillImage,image/jpeg,en
onr486,netrunner_snowball.jpg,snowball,,,Image;StillImage,image/jpeg,en
onr487,netrunner_snowbank.jpg,snowbank,,,Image;StillImage,image/jpeg,en
onr488,netrunner_social_engineering.jpg,social engineering,,,Image;StillImage,image/jpeg,en
onr489,netrunner_solo_squad.jpg,solo squad,,,Image;StillImage,image/jpeg,en
onr490,netrunner_south_african_mining_corp.jpg,south african mining corp,,,Image;StillImage,image/jpeg,en
onr491,netrunner_speed_trap.jpg,speed trap,,,Image;StillImage,image/jpeg,en
onr492,netrunner_sphinx_2006.jpg,sphinx 2006,,,Image;StillImage,image/jpeg,en
onr493,netrunner_spinn_public_relations.jpg,spinn public relations,,,Image;StillImage,image/jpeg,en
onr494,netrunner_stakeout.jpg,stakeout,,,Image;StillImage,image/jpeg,en
onr495,netrunner_startup_immolator.jpg,startup immolator,,,Image;StillImage,image/jpeg,en
onr496,netrunner_sterdroid.jpg,sterdroid,,,Image;StillImage,image/jpeg,en
onr497,netrunner_stereogram_antibody.jpg,stereogram antibody,,,Image;StillImage,image/jpeg,en
onr498,netrunner_strategic_planning_group.jpg,strategic planning group,,,Image;StillImage,image/jpeg,en
onr499,netrunner_street_enforcer.jpg,street enforcer,,,Image;StillImage,image/jpeg,en
onr500,netrunner_streetware_distributor.jpg,streetware distributor,,,Image;StillImage,image/jpeg,en
onr501,netrunner_strike_force_kali.jpg,strike force kali,,,Image;StillImage,image/jpeg,en
onr502,netrunner_stumble_through_wilderspace.jpg,stumble through wilderspace,,,Image;StillImage,image/jpeg,en
onr503,netrunner_subliminal_corruption.jpg,subliminal corruption,,,Image;StillImage,image/jpeg,en
onr504,netrunner_submarine_uplink.jpg,submarine uplink,,,Image;StillImage,image/jpeg,en
onr505,netrunner_subsidiary_branch.jpg,subsidiary branch,,,Image;StillImage,image/jpeg,en
onr506,netrunner_succubus.jpg,succubus,,,Image;StillImage,image/jpeg,en
onr507,netrunner_sumo_2008.jpg,sumo 2008,,,Image;StillImage,image/jpeg,en
onr508,netrunner_sunburst_cranial_interface.jpg,sunburst cranial interface,,,Image;StillImage,image/jpeg,en
onr509,netrunner_superglue.jpg,superglue,,,Image;StillImage,image/jpeg,en
onr510,netrunner_superior_net_barriers.jpg,superior net barriers,,,Image;StillImage,image/jpeg,en
onr511,netrunner_superserum.jpg,superserum,,,Image;StillImage,image/jpeg,en
onr512,netrunner_swiss_bank_account.jpg,swiss bank account,,,Image;StillImage,image/jpeg,en
onr513,netrunner_syd_meyer_superstores.jpg,syd meyer superstores,,,Image;StillImage,image/jpeg,en
onr514,netrunner_synchronized_attack_on_hq.jpg,synchronized attack on hq,,,Image;StillImage,image/jpeg,en
onr515,netrunner_systematic_layoffs.jpg,systematic layoffs,,,Image;StillImage,image/jpeg,en
onr516,netrunner_taxman.jpg,taxman,,,Image;StillImage,image/jpeg,en
onr517,netrunner_team_restructuring.jpg,team restructuring,,,Image;StillImage,image/jpeg,en
onr518,netrunner_technician_lover.jpg,technician lover,,,Image;StillImage,image/jpeg,en
onr519,netrunner_techtronica_utility_suit.jpg,techtronica utility suit,,,Image;StillImage,image/jpeg,en
onr520,netrunner_temple_microcode_outlet.jpg,temple microcode outlet,,,Image;StillImage,image/jpeg,en
onr521,netrunner_terrorist_reprisal.jpg,terrorist reprisal,,,Image;StillImage,image/jpeg,en
onr522,netrunner_tesseract_fort_construction.jpg,tesseract fort construction,,,Image;StillImage,image/jpeg,en
onr523,netrunner_test_spin.jpg,test spin,,,Image;StillImage,image/jpeg,en
onr524,netrunner_the_deck.jpg,the deck,,,Image;StillImage,image/jpeg,en
onr525,netrunner_the_personal_touch.jpg,the personal touch,,,Image;StillImage,image/jpeg,en
onr526,netrunner_the_shell_traders.jpg,the shell traders,,,Image;StillImage,image/jpeg,en
onr527,netrunner_the_short_circuit.jpg,the short circuit,,,Image;StillImage,image/jpeg,en
onr528,netrunner_the_springboard.jpg,the springboard,,,Image;StillImage,image/jpeg,en
onr529,netrunner_theorem_proof.jpg,theorem proof,,,Image;StillImage,image/jpeg,en
onr530,netrunner_time_to_collect.jpg,time to collect,,,Image;StillImage,image/jpeg,en
onr531,netrunner_tinweasel.jpg,tinweasel,,,Image;StillImage,image/jpeg,en
onr532,netrunner_tko_20.jpg,tko 20,,,Image;StillImage,image/jpeg,en
onr533,netrunner_tokyo-chiba_infighting.jpg,tokyo-chiba infighting,,,Image;StillImage,image/jpeg,en
onr534,netrunner_too_many_doors.jpg,too many doors,,,Image;StillImage,image/jpeg,en
onr535,netrunner_top_runners_conference.jpg,top runners conference,,,Image;StillImage,image/jpeg,en
onr536,netrunner_total_genetic_retrofit.jpg,total genetic retrofit,,,Image;StillImage,image/jpeg,en
onr537,netrunner_toughonium_wall.jpg,toughonium wall,,,Image;StillImage,image/jpeg,en
onr538,netrunner_trap!.jpg,trap!,,,Image;StillImage,image/jpeg,en
onr539,netrunner_trapdoor.jpg,trapdoor,,,Image;StillImage,image/jpeg,en
onr540,netrunner_trauma_team.jpg,trauma team,,,Image;StillImage,image/jpeg,en
onr541,netrunner_triggerman.jpg,triggerman,,,Image;StillImage,image/jpeg,en
onr542,netrunner_trojan_horse.jpg,trojan horse,,,Image;StillImage,image/jpeg,en
onr543,netrunner_tumblers.jpg,tumblers,,,Image;StillImage,image/jpeg,en
onr544,netrunner_turbeau_delacroix.jpg,turbeau delacroix,,,Image;StillImage,image/jpeg,en
onr545,netrunner_tutor.jpg,tutor,,,Image;StillImage,image/jpeg,en
onr546,netrunner_twenty-four-hour_surveillance.jpg,twenty-four-hour surveillance,,,Image;StillImage,image/jpeg,en
onr547,netrunner_twisty_passages.jpg,twisty passages,,,Image;StillImage,image/jpeg,en
onr548,netrunner_tycho_extension.jpg,tycho extension,,,Image;StillImage,image/jpeg,en
onr549,netrunner_tycho_mem_chip.jpg,tycho mem chip,,,Image;StillImage,image/jpeg,en
onr550,netrunner_umbrella_policy.jpg,umbrella policy,,,Image;StillImage,image/jpeg,en
onr551,netrunner_underworld_mole.jpg,underworld mole,,,Image;StillImage,image/jpeg,en
onr552,netrunner_unlisted_research_lab.jpg,unlisted research lab,,,Image;StillImage,image/jpeg,en
onr553,netrunner_urban_renewal.jpg,urban renewal,,,Image;StillImage,image/jpeg,en
onr554,netrunner_vacant_soulkiller.jpg,vacant soulkiller,,,Image;StillImage,image/jpeg,en
onr555,netrunner_vacuum_link.jpg,vacuum link,,,Image;StillImage,image/jpeg,en
onr556,netrunner_valu-pak_software_bundle.jpg,valu-pak software bundle,,,Image;StillImage,image/jpeg,en
onr557,netrunner_vapor_ops.jpg,vapor ops,,,Image;StillImage,image/jpeg,en
onr558,netrunner_vewy_vewy_quiet.jpg,vewy vewy quiet,,,Image;StillImage,image/jpeg,en
onr559,netrunner_vienna_22.jpg,vienna 22,,,Image;StillImage,image/jpeg,en
onr560,netrunner_vintage_camaro.jpg,vintage camaro,,,Image;StillImage,image/jpeg,en
onr561,netrunner_viral_15.jpg,viral 15,,,Image;StillImage,image/jpeg,en
onr562,netrunner_viral_breeding_ground.jpg,viral breeding ground,,,Image;StillImage,image/jpeg,en
onr563,netrunner_viral_pipeline.jpg,viral pipeline,,,Image;StillImage,image/jpeg,en
onr564,netrunner_virizz.jpg,virizz,,,Image;StillImage,image/jpeg,en
onr565,netrunner_virus_test_site.jpg,virus test site,,,Image;StillImage,image/jpeg,en
onr566,netrunner_vortex.jpg,vortex,,,Image;StillImage,image/jpeg,en
onr567,netrunner_walking_wall.jpg,walking wall,,,Image;StillImage,image/jpeg,en
onr568,netrunner_wall_of_ice.jpg,wall of ice,,,Image;StillImage,image/jpeg,en
onr569,netrunner_wall_of_static.jpg,wall of static,,,Image;StillImage,image/jpeg,en
onr570,netrunner_washedup_solo_construct.jpg,washedup solo construct,,,Image;StillImage,image/jpeg,en
onr571,netrunner_washington_dc_city_grid.jpg,washington dc city grid,,,Image;StillImage,image/jpeg,en
onr572,netrunner_weapons_depot.jpg,weapons depot,,,Image;StillImage,image/jpeg,en
onr573,netrunner_weather-to-finance_pipe.jpg,weather-to-finance pipe,,,Image;StillImage,image/jpeg,en
onr574,netrunner_weefle_initiation.jpg,weefle initiation,,,Image;StillImage,image/jpeg,en
onr575,netrunner_wild_card.jpg,wild card,,,Image;StillImage,image/jpeg,en
onr576,netrunner_wilson_weeflerunner_apprentice.jpg,wilson weeflerunner apprentice,,,Image;StillImage,image/jpeg,en
onr577,netrunner_wired_switchboard.jpg,wired switchboard,,,Image;StillImage,image/jpeg,en
onr578,netrunner_wizards_book.jpg,wizards book,,,Image;StillImage,image/jpeg,en
onr579,netrunner_world_domination.jpg,world domination,,,Image;StillImage,image/jpeg,en
onr580,netrunner_worm.jpg,worm,,,Image;StillImage,image/jpeg,en
onr581,netrunner_wrecking_ball.jpg,wrecking ball,,,Image;StillImage,image/jpeg,en
onr582,netrunner_wutech_mem_chip.jpg,wutech mem chip,,,Image;StillImage,image/jpeg,en
onr583,netrunner_zetatech_mem_chip.jpg,zetatech mem chip,,,Image;StillImage,image/jpeg,en
onr584,netrunner_zetatech_portastation.jpg,zetatech portastation,,,Image;StillImage,image/jpeg,en
onr585,netrunner_zetatech_software_installer.jpg,zetatech software installer,,,Image;StillImage,image/jpeg,en
onr586,netrunner_zombie.jpg,zombie,,,Image;StillImage,image/jpeg,en
onr587,netrunner_zz22_speed_chip.jpg,zz22 speed chip,,,Image;StillImage,image/jpeg,en